{"cameraMode":{"drawMode":0,"name":"Shaded","section":"Shading Mode"},"sceneLighting":false,"audioPlay":false,"sceneViewState":{"m_AlwaysRefresh":false,"showFog":true,"showSkybox":false,"showFlares":true,"showImageEffects":true,"showParticleSystems":true,"showVisualEffectGraphs":true,"m_FxEnabled":false},"in2DMode":false,"pivot":{"x":18.41280746459961,"y":-11.662739753723145,"z":-17.417102813720704},"rotation":{"x":0.5169731974601746,"y":-0.14985273778438569,"z":0.09246004372835159,"w":0.8377428650856018},"size":13.052624702453614,"orthographic":true}