{"cameraMode":{"drawMode":0,"name":"Shaded","section":"Shading Mode"},"sceneLighting":false,"audioPlay":false,"sceneViewState":{"m_AlwaysRefresh":false,"showFog":true,"showSkybox":false,"showFlares":true,"showImageEffects":true,"showParticleSystems":true,"showVisualEffectGraphs":true,"m_FxEnabled":false},"in2DMode":false,"pivot":{"x":48.284061431884769,"y":2.2179973125457765,"z":10.759631156921387},"rotation":{"x":0.6105790138244629,"y":-0.018526889383792878,"z":0.014287672936916352,"w":0.7916138172149658},"size":2.306342363357544,"orthographic":true}