{"cameraMode":{"drawMode":0,"name":"Shaded","section":"Shading Mode"},"sceneLighting":false,"audioPlay":false,"sceneViewState":{"m_AlwaysRefresh":false,"showFog":true,"showSkybox":false,"showFlares":true,"showImageEffects":true,"showParticleSystems":true,"showVisualEffectGraphs":true,"m_FxEnabled":false},"in2DMode":false,"pivot":{"x":24.460895538330079,"y":-52.78849411010742,"z":28.903030395507814},"rotation":{"x":0.11825378239154816,"y":0.8590985536575317,"z":-0.44170278310775759,"w":0.23002757132053376},"size":41.78179931640625,"orthographic":false}