{"cameraMode":{"drawMode":0,"name":"Shaded","section":"Shading Mode"},"sceneLighting":false,"audioPlay":false,"sceneViewState":{"m_AlwaysRefresh":false,"showFog":true,"showSkybox":false,"showFlares":true,"showImageEffects":true,"showParticleSystems":true,"showVisualEffectGraphs":true,"m_FxEnabled":false},"in2DMode":false,"pivot":{"x":48.90338134765625,"y":12.467391967773438,"z":24.402694702148439},"rotation":{"x":-0.02992049604654312,"y":0.9181576371192932,"z":-0.3887314796447754,"w":-0.07065635919570923},"size":2.2564876079559328,"orthographic":true}